Task,Owner,Start,End,Deliverable
Data QC & ETL,Daniel,2025-08-28,2025-09-02,bitacora_qc.md + dataset_limpio.dvc
Experimentos & MLflow,Daniel,2025-08-30,2025-09-05,runs registrados + capturas MLflow
Infra AWS (S3/IAM),Mackie,2025-08-28,2025-09-03,bucket creado + políticas + capturas
Dashboard/Servicio,Jorge,2025-08-31,2025-09-05,URL tablero + prueba endpoint
Repositorio & PRs,Daniela,2025-08-28,2025-09-06,estructura /Entrega2 + PRs revisadas
Evidencias y Memo,Todos,2025-09-04,2025-09-06,memo + carpeta evidences con pantallazos
Cierre y Entrega,Todos,2025-09-06,2025-09-07,ZIP final subido a /Entrega2
